date,district,current_rainfall,rainfall_3day,rainfall_7day,rainfall_anomaly,cyclone_intensity,wind_speed,distance_from_coastline,elevation,flood_prone_indicator,population_density,vulnerable_population,rural_population_pct,hospitals,shelters,affected_population,food_demand,water_demand,medical_demand,shelter_demand
2015-07-11,Kendrapara,292.94284731663447,729.5184882346471,1418.2728315814757,2.929428473166345,2,101.14769654308405,48,12,1,544.6293494704993,1353600,0.94,45,120,207119,395862,846868,21620,39355
2015-07-11,Jagatsinghpur,289.83501250863213,711.75374386348,1422.5841920322493,2.8983501250863215,2,108.8252449822865,45,15,1,681.0551558752998,1011040,0.89,38,110,157665,306903,604841,15953,31162
2015-07-11,Puri,315.8882674677454,802.2310019592587,1621.0644301947848,3.1588826746774537,2,107.06600853641338,50,10,1,488.071284851969,1426320,0.84,55,150,260772,524844,1031135,24814,50750
2015-07-11,Ganjam,324.0919242223126,777.1968778652865,1676.971030806415,3.2409192422231263,2,113.73118914729419,35,25,0,430.05118206190593,2752620,0.78,120,250,403731,798665,1563607,41404,80141
2015-07-11,Balasore,298.2816510464608,680.3541002114408,1439.2134348205623,2.982816510464608,2,111.72693706525511,44,16,1,609.5638465580662,2064800,0.89,75,180,306892,618107,1230125,32104,63493
2015-07-11,Bhadrak,331.4796591822408,877.9522814360244,1680.4391109186358,3.3147965918224083,2,110.85923471630815,46,14,1,601.1976047904192,1310220,0.87,42,130,227389,444590,891025,21977,43275
2015-07-11,Jajpur,188.8805186119482,491.2904497802256,899.0665596307445,1.888805186119482,2,114.76042587426971,30,30,0,630.2173163159711,1680840,0.92,60,145,147588,299635,614849,15275,29368
2015-07-11,Cuttack,370.2681096713884,902.5802409684877,1911.9491654635983,3.702681096713884,2,122.33496804543057,25,35,0,667.3448626653103,1889280,0.72,110,200,283056,553358,1139158,27974,59281
2015-07-11,Khordha,348.1121846765427,846.8894052715605,1698.3661053655173,3.481121846765427,2,108.49466141740217,15,45,0,800.2132954141485,1170520,0.52,140,220,132524,275537,528790,13336,27023
2015-09-15,Kendrapara,245.5522443473875,598.8278995609326,1273.531327622041,2.455522443473875,2,113.28751109659684,48,12,1,544.6293494704993,1353600,0.94,45,120,183415,355332,762460,18413,37810
2015-09-15,Jagatsinghpur,307.99808273325067,762.29630135235,1521.5991274596151,3.079980827332507,2,122.73733620139556,45,15,1,681.0551558752998,1011040,0.89,38,110,167064,317653,668974,16568,32484
2015-09-15,Puri,288.54807612818365,697.3018722438106,1434.6760950576179,2.8854807612818365,2,114.04050856814538,50,10,1,488.071284851969,1426320,0.84,55,150,233075,475613,919586,24407,48770
2015-09-15,Ganjam,275.6023673346135,656.8299633034641,1328.382527702908,2.756023673346135,2,111.02347682549667,35,25,0,430.05118206190593,2752620,0.78,120,250,361478,690529,1413906,37623,70412
2015-09-15,Balasore,287.6753005784945,684.1279103176503,1495.5176436182235,2.876753005784945,2,117.51933032686775,44,16,1,609.5638465580662,2064800,0.89,75,180,296766,607077,1171369,30069,60145
2015-09-15,Bhadrak,267.505858045203,653.9616706469077,1383.6874206431128,2.67505858045203,2,127.06604953678462,46,14,1,601.1976047904192,1310220,0.87,42,130,181351,363140,705563,18398,35089
2015-09-15,Jajpur,335.29098609709285,884.7254973932584,1637.2922658686525,3.3529098609709287,2,106.77938483794324,30,30,0,630.2173163159711,1680840,0.92,60,145,237579,493087,927312,24137,49023
2015-09-15,Cuttack,428.97758054624194,1062.709222630738,2134.5945668764343,4.289775805462419,2,95.59958552316202,25,35,0,667.3448626653103,1889280,0.72,110,200,307909,629732,1280545,31982,63305
2015-09-15,Khordha,355.9358683741122,896.8072818501106,1794.332965535495,3.559358683741122,2,102.85648581973632,15,45,0,800.2132954141485,1170520,0.52,140,220,131685,254436,529307,13421,26737
2016-06-01,Kendrapara,104.62370990332343,287.57615972760186,571.0392413272821,1.0462370990332344,0,44.181185219555864,48,12,1,544.6293494704993,1353600,0.94,45,120,74910,151862,292162,7558,15699
2016-06-01,Jagatsinghpur,73.88384208061144,183.8178444709069,272.6003999038272,0.7388384208061144,0,31.526424718873564,45,15,1,681.0551558752998,1011040,0.89,38,110,39623,80584,164263,3855,7923
2016-06-01,Puri,231.92792438535022,526.3222790984098,1147.4828989064004,2.319279243853502,0,43.27223386365866,50,10,1,488.071284851969,1426320,0.84,55,150,181374,356608,729324,18268,38017
2016-06-01,Ganjam,170.9796255455461,413.191343411851,824.4294589335099,1.709796255455461,0,31.864789030399766,35,25,0,430.05118206190593,2752620,0.78,120,250,207171,409066,819957,21430,43215
2016-06-01,Balasore,120.4060579216818,275.3579292378102,550.6772016616292,1.204060579216818,0,48.8283766050939,44,16,1,609.5638465580662,2064800,0.89,75,180,122796,250722,493778,12029,24362
2016-06-01,Bhadrak,140.6707273184905,308.59979371500526,644.1903555197315,1.4067072731849048,0,44.94995654191695,46,14,1,601.1976047904192,1310220,0.87,42,130,90898,179919,347258,9441,17320
2016-06-01,Jajpur,111.97910816025862,243.94381826874167,619.9645630121777,1.1197910816025862,0,41.49833716339598,30,30,0,630.2173163159711,1680840,0.92,60,145,75584,144196,296388,7586,14854
2016-06-01,Cuttack,146.21965957076677,388.853839059685,728.7161122959816,1.4621965957076677,0,45.1869445771778,25,35,0,667.3448626653103,1889280,0.72,110,200,113691,220432,450732,11595,21915
2016-06-01,Khordha,44.792294024983974,86.2542684926269,265.9617389560413,0.44792294024983975,0,57.81291077026367,15,45,0,800.2132954141485,1170520,0.52,140,220,22649,47178,90073,2205,4345
2016-08-01,Kendrapara,443.6751419234704,1158.7283844030608,2152.0341213105576,4.436751419234704,4,198.43715797751847,48,12,1,544.6293494704993,1353600,0.94,45,120,312030,615071,1280302,29687,60010
2016-08-01,Jagatsinghpur,507.68365247589816,1241.401217042403,2535.4419945764007,5.076836524758981,4,147.58732659930928,45,15,1,681.0551558752998,1011040,0.89,38,110,247544,491813,980126,25041,50177
2016-08-01,Puri,416.21237500249134,1026.560994368592,2083.987320127799,4.1621237500249135,4,203.47996928450323,50,10,1,488.071284851969,1426320,0.84,55,150,358771,728928,1386712,34336,72776
2016-08-01,Ganjam,465.78383231226576,1167.865101138202,2362.0256952873815,4.657838323122657,4,195.86016816145352,35,25,0,430.05118206190593,2752620,0.78,120,250,611906,1229394,2555677,60493,128025
2016-08-01,Balasore,398.38056973761036,1002.1793721825975,2036.1523720473851,3.983805697376104,4,175.3547025135503,44,16,1,609.5638465580662,2064800,0.89,75,180,406297,838147,1589735,39078,82858
2016-08-01,Bhadrak,521.1259841891947,1327.2008240381556,2637.111363042154,5.211259841891947,4,171.7100498907793,46,14,1,601.1976047904192,1310220,0.87,42,130,361928,746066,1518723,35876,71459
2016-08-01,Jajpur,428.6068934265273,1106.3753530987215,2220.677455924603,4.2860689342652725,4,175.60482124525723,30,30,0,630.2173163159711,1680840,0.92,60,145,308415,592349,1283321,30857,63696
2016-08-01,Cuttack,497.89231343287906,1254.4557741568508,2482.954414446011,4.978923134328791,4,180.96995964992718,25,35,0,667.3448626653103,1889280,0.72,110,200,386615,769243,1514480,37999,78656
2016-08-01,Khordha,515.1714178623079,1307.9402277598633,2540.8997604069436,5.151714178623078,4,179.91182953754193,15,45,0,800.2132954141485,1170520,0.52,140,220,205868,409328,855398,20279,39596
2016-10-12,Kendrapara,400.74875961194823,986.7086308161146,1935.904523838813,4.007487596119482,3,129.18346074385454,48,12,1,544.6293494704993,1353600,0.94,45,120,279133,578538,1159000,27178,58102
2016-10-12,Jagatsinghpur,359.08474576796766,929.7962029811453,1787.23046566669,3.5908474576796765,3,163.60778054119166,45,15,1,681.0551558752998,1011040,0.89,38,110,189360,386486,738407,18614,37623
2016-10-12,Puri,331.45044105043905,876.3308341964232,1680.8343029745988,3.3145044105043904,3,151.47558109013713,50,10,1,488.071284851969,1426320,0.84,55,150,279595,569313,1089023,27680,55794
2016-10-12,Ganjam,417.94958570037033,1019.5507322786634,2157.688760168488,4.179495857003704,3,142.1365348383408,35,25,0,430.05118206190593,2752620,0.78,120,250,561810,1129912,2207393,53615,117133
2016-10-12,Balasore,387.29996703271655,954.0923253430872,1947.360159058236,3.8729996703271654,3,140.2812247588213,44,16,1,609.5638465580662,2064800,0.89,75,180,395473,830163,1613043,39089,80969
2016-10-12,Bhadrak,359.325277535559,880.29505340141,1781.2174900140558,3.59325277535559,3,137.62570533523217,46,14,1,601.1976047904192,1310220,0.87,42,130,239865,486774,948739,23337,46850
2016-10-12,Jajpur,308.2953769932363,755.8916396561323,1539.0029073270214,3.082953769932363,3,138.54677790802515,30,30,0,630.2173163159711,1680840,0.92,60,145,221539,432929,853650,21215,46259
2016-10-12,Cuttack,343.66314884073074,807.2484127891015,1725.418248799532,3.4366314884073073,3,155.37158464944625,25,35,0,667.3448626653103,1889280,0.72,110,200,262435,520212,1078881,26191,55034
2016-10-12,Khordha,445.0631679674946,1147.2638760789725,2206.5653084189826,4.450631679674946,3,138.05854046492504,15,45,0,800.2132954141485,1170520,0.52,140,220,166467,320743,633484,15939,33931
2017-07-03,Kendrapara,226.49169422257756,584.9147335268689,1079.077449643758,2.2649169422257756,1,73.57620514978707,48,12,1,544.6293494704993,1353600,0.94,45,120,163735,330946,637167,16654,33133
2017-07-03,Jagatsinghpur,182.5280573455958,463.5901539464829,1015.010232784491,1.825280573455958,1,76.14861468213896,45,15,1,681.0551558752998,1011040,0.89,38,110,99563,200159,400678,10331,19720
2017-07-03,Puri,320.4706617283515,842.2356010468492,1554.1071356127522,3.204706617283515,1,81.8605145999844,50,10,1,488.071284851969,1426320,0.84,55,150,236959,450911,933674,23908,46881
2017-07-03,Ganjam,271.56162159147055,684.9080865538791,1249.2648165508324,2.7156162159147055,1,70.1328550395725,35,25,0,430.05118206190593,2752620,0.78,120,250,342478,709776,1431492,33039,71417
2017-07-03,Balasore,262.65463325610364,654.9701521733605,1332.4764387274836,2.6265463325610363,1,74.67305251905907,44,16,1,609.5638465580662,2064800,0.89,75,180,266175,523233,1078903,25925,50977
2017-07-03,Bhadrak,184.6908702561103,484.1482165886298,908.9197358789993,1.8469087025611028,1,95.55092608621473,46,14,1,601.1976047904192,1310220,0.87,42,130,129069,250194,492572,12479,25242
2017-07-03,Jajpur,211.89139242422593,498.6712113879836,1031.7744968537706,2.118913924242259,1,63.021221074111516,30,30,0,630.2173163159711,1680840,0.92,60,145,142997,291439,545637,14727,28965
2017-07-03,Cuttack,260.16043877931446,628.3087317805567,1329.777413974065,2.6016043877931447,1,69.52720163662478,25,35,0,667.3448626653103,1889280,0.72,110,200,192388,389326,759464,19166,39429
2017-07-03,Khordha,180.12843830493412,459.6586003986414,1054.5862319474325,1.8012843830493412,1,86.19574911434577,15,45,0,800.2132954141485,1170520,0.52,140,220,71935,143113,288678,7008,14055
2018-09-20,Kendrapara,191.0017995417113,554.7042474175912,923.8081612641276,1.910017995417113,0,44.015605681259984,48,12,1,544.6293494704993,1353600,0.94,45,120,128772,259204,508843,12667,26783
2018-09-20,Jagatsinghpur,204.04340012900894,527.970534393835,916.2606144963198,2.0404340012900892,0,39.7852503762534,45,15,1,681.0551558752998,1011040,0.89,38,110,103631,197055,403138,10223,20700
2018-09-20,Puri,192.7782914296249,535.8006652732312,960.1660748215659,1.9277829142962488,0,45.66340130519022,50,10,1,488.071284851969,1426320,0.84,55,150,147438,294186,609719,14308,30867
2018-09-20,Ganjam,173.3970498022941,452.65133400086455,877.7782814209207,1.7339704980229411,0,57.08995663188834,35,25,0,430.05118206190593,2752620,0.78,120,250,226194,464502,867435,22633,47193
2018-09-20,Balasore,160.3990527398072,378.55853215472325,695.0552479585701,1.603990527398072,0,59.97008156842946,44,16,1,609.5638465580662,2064800,0.89,75,180,162893,331799,624718,15700,30958
2018-09-20,Bhadrak,247.766125653098,588.7007585480733,1303.2509452744143,2.47766125653098,0,44.64516605242849,46,14,1,601.1976047904192,1310220,0.87,42,130,152757,316229,626057,15135,31874
2018-09-20,Jajpur,179.62089439792206,466.43133910097174,922.9690608811491,1.7962089439792206,0,47.628472907981205,30,30,0,630.2173163159711,1680840,0.92,60,145,123675,239593,481624,12532,25743
2018-09-20,Cuttack,198.30324974077337,444.53980968310543,966.4769295829872,1.9830324974077336,0,59.070189019105555,25,35,0,667.3448626653103,1889280,0.72,110,200,151672,315467,614217,15227,30148
2018-09-20,Khordha,76.89330732283574,212.83822202336876,267.4868864884344,0.7689330732283574,0,17.109387430670026,15,45,0,800.2132954141485,1170520,0.52,140,220,28727,58778,117133,2776,5962
2019-06-27,Kendrapara,372.4368778818204,905.5968636206073,1903.7011802363145,3.7243687788182043,2,101.43916174091133,48,12,1,544.6293494704993,1353600,0.94,45,120,240972,485312,989186,25005,47433
2019-06-27,Jagatsinghpur,365.4559970275669,900.817754295433,1799.6476964704843,3.654559970275669,2,119.63850318715362,45,15,1,681.0551558752998,1011040,0.89,38,110,189268,385877,760306,18457,37269
2019-06-27,Puri,323.10346739792067,852.6399978394771,1648.2356198073062,3.231034673979207,2,109.44415329089544,50,10,1,488.071284851969,1426320,0.84,55,150,246561,497374,986824,24930,46935
2019-06-27,Ganjam,410.9136733080397,1033.7900143795873,2076.674199805872,4.109136733080397,2,112.50243932573649,35,25,0,430.05118206190593,2752620,0.78,120,250,520349,1032802,2130609,54295,108498
2019-06-27,Balasore,233.2201821869931,579.2768478644932,1168.8871565494,2.332201821869931,2,120.94191518470949,44,16,1,609.5638465580662,2064800,0.89,75,180,258762,512297,988963,25449,53319
2019-06-27,Bhadrak,306.1975769719508,758.5975552864854,1562.3948855337876,3.061975769719508,2,122.70125546575716,46,14,1,601.1976047904192,1310220,0.87,42,130,211664,411669,842629,20406,40962
2019-06-27,Jajpur,215.13855628904898,536.2175447270881,1064.146054934811,2.1513855628904897,2,116.96206364813418,30,30,0,630.2173163159711,1680840,0.92,60,145,159188,322586,605748,16179,30812
2019-06-27,Cuttack,266.7537582977429,666.9053692710725,1341.6815905363828,2.667537582977429,2,103.22433787266293,25,35,0,667.3448626653103,1889280,0.72,110,200,211270,410282,878718,20504,40947
2019-06-27,Khordha,316.8092627693039,775.7204137892469,1548.4040247126616,3.1680926276930395,2,111.06430227691897,15,45,0,800.2132954141485,1170520,0.52,140,220,129508,257806,519295,12874,25644
2019-10-07,Kendrapara,329.8024374586645,866.955004391561,1655.2644888516447,3.2980243745866447,2,107.43182972074268,48,12,1,544.6293494704993,1353600,0.94,45,120,229317,447346,889393,22944,46299
2019-10-07,Jagatsinghpur,377.4655410162308,887.2430994623418,1894.4884777060302,3.774655410162308,2,119.78292982116258,45,15,1,681.0551558752998,1011040,0.89,38,110,196325,404638,823679,19835,40469
2019-10-07,Puri,275.05889669123354,669.5441540810009,1362.4383698938068,2.7505889669123356,2,123.63153102106705,50,10,1,488.071284851969,1426320,0.84,55,150,233782,449926,970330,23712,47709
2019-10-07,Ganjam,353.04120610917454,905.0424282947938,1815.4611386608553,3.5304120610917455,2,104.92562714092017,35,25,0,430.05118206190593,2752620,0.78,120,250,439969,838952,1818067,43315,90403
2019-10-07,Balasore,350.26605444467896,865.0141662822957,1764.2039339525277,3.5026605444467895,2,112.8447258916954,44,16,1,609.5638465580662,2064800,0.89,75,180,359012,695198,1433862,35945,73537
2019-10-07,Bhadrak,296.04152426427413,788.7268513647035,1511.077111807387,2.9604152426427413,2,97.9983000359839,46,14,1,601.1976047904192,1310220,0.87,42,130,199114,383584,828359,20292,40552
2019-10-07,Jajpur,342.2742002947326,855.4384037249691,1779.3288828341908,3.4227420029473263,2,108.51303575887779,30,30,0,630.2173163159711,1680840,0.92,60,145,232470,475178,893296,22410,45395
2019-10-07,Cuttack,294.2654280804193,708.167195457785,1506.9082729256377,2.9426542808041933,2,96.67255529211715,25,35,0,667.3448626653103,1889280,0.72,110,200,222645,448553,920691,22051,45735
2019-10-07,Khordha,197.46904864053994,498.08885648243796,976.2181695941428,1.9746904864053993,2,118.24415388257461,15,45,0,800.2132954141485,1170520,0.52,140,220,87291,176509,364852,8638,18250
2021-06-17,Kendrapara,109.97816641126113,304.5590820320141,532.282182876326,1.0997816641126112,0,42.42520425612519,48,12,1,544.6293494704993,1353600,0.94,45,120,74391,152177,297429,7579,14781
2021-06-17,Jagatsinghpur,174.13826125488842,454.3178853088867,919.3190287557786,1.7413826125488843,0,46.21809962217196,45,15,1,681.0551558752998,1011040,0.89,38,110,85771,164535,357401,8265,17926
2021-06-17,Puri,45.10180622272907,105.96715898656238,278.73746501498033,0.4510180622272907,0,41.1960566888707,50,10,1,488.071284851969,1426320,0.84,55,150,43865,90419,178246,4470,9079
2021-06-17,Ganjam,113.27249575674782,296.06978596584713,576.7468631418947,1.1327249575674783,0,42.715788371953735,35,25,0,430.05118206190593,2752620,0.78,120,250,153327,292362,625415,15021,31966
2021-06-17,Balasore,108.74395995968739,269.4474266879487,520.4472906782343,1.087439599596874,0,48.865174125690544,44,16,1,609.5638465580662,2064800,0.89,75,180,120662,230150,487294,11740,23216
2021-06-17,Bhadrak,151.53171614841608,416.5019741382458,712.9282156311052,1.5153171614841607,0,38.13128355838641,46,14,1,601.1976047904192,1310220,0.87,42,130,100236,206300,393676,10149,20820
2021-06-17,Jajpur,101.02417565778077,270.1255429702093,540.7908577991761,1.0102417565778077,0,40.47017213123745,30,30,0,630.2173163159711,1680840,0.92,60,145,72779,152805,286769,7472,14413
2021-06-17,Cuttack,257.68813497216934,630.8552617884002,1361.1098987167318,2.5768813497216936,0,55.795721457307124,25,35,0,667.3448626653103,1889280,0.72,110,200,182462,350709,719237,17857,35749
2021-06-17,Khordha,85.18343262018537,176.7367066010722,372.3882591170685,0.8518343262018537,0,46.82623236457146,15,45,0,800.2132954141485,1170520,0.52,140,220,37887,77943,145325,3757,7864
2021-07-11,Kendrapara,369.35227378304404,909.0893534285291,1876.6266709884856,3.6935227378304405,3,143.71788473904888,48,12,1,544.6293494704993,1353600,0.94,45,120,249123,521029,1028998,25661,50471
2021-07-11,Jagatsinghpur,366.87390690684697,872.1896599274111,1865.9418492109317,3.6687390690684696,3,169.53842174145709,45,15,1,681.0551558752998,1011040,0.89,38,110,191581,383746,765648,20108,39839
2021-07-11,Puri,488.4649646933158,1153.7923957634744,2398.40626411194,4.884649646933158,3,143.19009261060276,50,10,1,488.071284851969,1426320,0.84,55,150,362622,750786,1383101,35642,75654
2021-07-11,Ganjam,283.78609700796756,738.7107510608027,1407.157648929603,2.8378609700796757,3,146.02128920871033,35,25,0,430.05118206190593,2752620,0.78,120,250,387692,811216,1490205,40298,81349
2021-07-11,Balasore,436.09262941621677,1146.181670560466,2221.487268994645,4.360926294162168,3,156.03713869390597,44,16,1,609.5638465580662,2064800,0.89,75,180,464558,931091,1926644,45272,89727
2021-07-11,Bhadrak,387.3381648881895,939.8354831745722,1952.5810829010418,3.873381648881895,3,138.70483451950915,46,14,1,601.1976047904192,1310220,0.87,42,130,256848,533300,1074787,25596,53316
2021-07-11,Jajpur,398.4319694060808,971.7566459184123,2035.2729982702479,3.9843196940608077,3,151.5253469375948,30,30,0,630.2173163159711,1680840,0.92,60,145,266129,525695,1012255,27460,51248
2021-07-11,Cuttack,319.10044897910757,790.6605374300382,1536.2312446615224,3.1910044897910756,3,141.01107507746448,25,35,0,667.3448626653103,1889280,0.72,110,200,257631,530143,996903,26460,53830
2021-07-11,Khordha,402.4453738038969,999.0937145026774,2104.567171023833,4.024453738038969,3,139.13451911478657,15,45,0,800.2132954141485,1170520,0.52,140,220,162191,327444,641213,15514,33481
2021-09-11,Kendrapara,291.5203583841642,716.6061096595226,1396.1083230087802,2.9152035838416417,1,73.22259678512594,48,12,1,544.6293494704993,1353600,0.94,45,120,202123,412075,785916,19368,41154
2021-09-11,Jagatsinghpur,183.4339266320582,478.0908519189053,912.2108399713218,1.834339266320582,1,93.46636996047665,45,15,1,681.0551558752998,1011040,0.89,38,110,98691,192925,413869,9779,20516
2021-09-11,Puri,162.27832307546754,385.62217525528956,815.1019260673455,1.6227832307546755,1,72.70597397269648,50,10,1,488.071284851969,1426320,0.84,55,150,131469,272518,524467,13762,25466
2021-09-11,Ganjam,256.2713317019609,657.7713476618684,1303.74208651067,2.562713317019609,1,81.42722759867544,35,25,0,430.05118206190593,2752620,0.78,120,250,314154,598936,1309500,31781,64693
2021-09-11,Balasore,275.84327645059113,688.1151958370052,1397.965279169941,2.7584327645059115,1,67.42600483101691,44,16,1,609.5638465580662,2064800,0.89,75,180,273820,531239,1094359,26188,55212
2021-09-11,Bhadrak,258.97969786338837,634.0637416620275,1200.4214527696652,2.5897969786338835,1,70.47693680750923,46,14,1,601.1976047904192,1310220,0.87,42,130,173629,340023,708057,17988,35697
2021-09-11,Jajpur,108.32249412658956,253.67609372728674,528.4463755022497,1.0832249412658956,1,70.9671049802688,30,30,0,630.2173163159711,1680840,0.92,60,145,86434,166687,345697,8745,17636
2021-09-11,Cuttack,219.48950808840743,554.9752544594452,995.3607970208227,2.1948950808840744,1,72.52822617479403,25,35,0,667.3448626653103,1889280,0.72,110,200,158514,303667,627520,15269,31916
2021-09-11,Khordha,215.67844234629044,557.8954000653641,1053.7190709132512,2.1567844234629043,1,70.5501667862614,15,45,0,800.2132954141485,1170520,0.52,140,220,81731,165692,333674,7790,17059
2022-07-08,Kendrapara,464.44704675575156,1151.0552525785533,2442.904929534615,4.6444704675575155,3,151.5140928092702,48,12,1,544.6293494704993,1353600,0.94,45,120,324464,667346,1295377,30956,62712
2022-07-08,Jagatsinghpur,522.5401797147947,1292.5415859611714,2699.311661198256,5.225401797147947,3,155.75082821035963,45,15,1,681.0551558752998,1011040,0.89,38,110,263542,533184,1036143,26275,53995
2022-07-08,Puri,401.55247825974396,1019.0609289481459,1907.8918241257445,4.015524782597439,3,136.5662684546062,50,10,1,488.071284851969,1426320,0.84,55,150,314509,611440,1247770,30518,65043
2022-07-08,Ganjam,411.94757840558174,1021.6265211587219,2128.9599976121913,4.119475784055817,3,152.5745574931704,35,25,0,430.05118206190593,2752620,0.78,120,250,548422,1097375,2203186,54918,110650
2022-07-08,Balasore,378.39415061544145,991.2771504920565,1973.995922721604,3.7839415061544144,3,150.99783855964728,44,16,1,609.5638465580662,2064800,0.89,75,180,419228,820333,1653292,41435,83558
2022-07-08,Bhadrak,436.88654985130523,1110.8930646285405,2160.6177172080847,4.368865498513053,3,158.88312701433807,46,14,1,601.1976047904192,1310220,0.87,42,130,302631,613284,1195132,30301,59999
2022-07-08,Jajpur,369.9146618361705,918.7884591327153,1807.197134526362,3.699146618361705,3,160.422559460485,30,30,0,630.2173163159711,1680840,0.92,60,145,265969,510408,1080060,26097,52656
2022-07-08,Cuttack,514.5601640243682,1332.5287568631416,2502.486588692677,5.145601640243682,3,139.473720050938,25,35,0,667.3448626653103,1889280,0.72,110,200,371506,771522,1477408,36522,73920
2022-07-08,Khordha,354.1329053451031,951.0247719970333,1707.6685284068578,3.541329053451031,3,132.03498232519172,15,45,0,800.2132954141485,1170520,0.52,140,220,143483,282854,575855,14752,29285
2022-09-06,Kendrapara,67.83260936446618,153.05307997720263,341.58230273662105,0.6783260936446618,0,33.124565486604084,48,12,1,544.6293494704993,1353600,0.94,45,120,51788,98804,199323,5154,10806
2022-09-06,Jagatsinghpur,113.96774582516238,312.4091948039804,587.1631529207116,1.1396774582516238,0,49.98010109859652,45,15,1,681.0551558752998,1011040,0.89,38,110,60422,122860,232978,5758,11852
2022-09-06,Puri,0.0,0.0,0.0,0.0,0,33.49286462654911,50,10,1,488.071284851969,1426320,0.84,55,150,16884,35011,65355,1720,3490
2022-09-06,Ganjam,164.82016530650333,484.1528808234066,821.2198866808374,1.6482016530650332,0,42.010990467149675,35,25,0,430.05118206190593,2752620,0.78,120,250,195472,407791,796706,19892,37982
2022-09-06,Balasore,180.74085783448754,500.785920154675,865.1228730515938,1.8074085783448754,0,42.96628319676176,44,16,1,609.5638465580662,2064800,0.89,75,180,183076,384438,699219,19181,36274
2022-09-06,Bhadrak,174.50627585721935,484.6770277148078,895.2080943617958,1.7450627585721934,0,37.558433647093516,46,14,1,601.1976047904192,1310220,0.87,42,130,111496,226729,459713,11442,22963
2022-09-06,Jajpur,223.99948898192534,552.1567247061596,1126.0224428490917,2.239994889819253,0,29.71325666870916,30,30,0,630.2173163159711,1680840,0.92,60,145,135188,265633,533530,13378,27566
2022-09-06,Cuttack,57.36258025511034,124.23759820709077,220.65841160517675,0.5736258025511034,0,56.42015160136369,25,35,0,667.3448626653103,1889280,0.72,110,200,54122,107848,213885,5608,10845
2022-09-06,Khordha,191.40596896406646,477.91686055279183,899.1926335677349,1.9140596896406645,0,24.672041477376546,15,45,0,800.2132954141485,1170520,0.52,140,220,69514,140142,278990,7026,14271
2022-10-18,Kendrapara,377.67541404959576,971.6873891087153,1880.389738229718,3.7767541404959575,2,98.13302882312067,48,12,1,544.6293494704993,1353600,0.94,45,120,247432,493833,959497,23917,50067
2022-10-18,Jagatsinghpur,427.52019808059623,1077.1436757742495,2140.490769682242,4.275201980805963,2,117.69657751345625,45,15,1,681.0551558752998,1011040,0.89,38,110,216043,414354,882979,21388,45268
2022-10-18,Puri,340.8597548733392,835.9397216892233,1729.9758097748718,3.4085975487333924,2,119.48939989837594,50,10,1,488.071284851969,1426320,0.84,55,150,262057,546008,1040316,25123,54066
2022-10-18,Ganjam,286.43444854668104,647.7787404237145,1444.5471325752658,2.8643444854668103,2,132.5045476781627,35,25,0,430.05118206190593,2752620,0.78,120,250,386903,796536,1570300,37431,76303
2022-10-18,Balasore,324.133640375108,761.7877770963751,1639.4217976096786,3.2413364037510797,2,120.6985049870104,44,16,1,609.5638465580662,2064800,0.89,75,180,351027,714088,1447569,36038,67746
2022-10-18,Bhadrak,241.51006548287606,596.2656023552004,1232.6902889627004,2.415100654828761,2,106.3948578327611,46,14,1,601.1976047904192,1310220,0.87,42,130,169592,340383,656554,16640,33003
2022-10-18,Jajpur,314.13813656327807,807.3726700992845,1503.0824604851541,3.1413813656327805,2,116.6698040343816,30,30,0,630.2173163159711,1680840,0.92,60,145,221358,440179,880632,22632,42128
2022-10-18,Cuttack,253.37561323380416,617.8434313380477,1184.4239494723097,2.5337561323380418,2,120.45735132540341,25,35,0,667.3448626653103,1889280,0.72,110,200,209960,431367,820094,21301,42394
2022-10-18,Khordha,200.5750330633254,536.295290722726,925.2986379791182,2.005750330633254,2,122.38549954911933,15,45,0,800.2132954141485,1170520,0.52,140,220,88537,169458,359112,8651,17871
2023-06-12,Kendrapara,163.80675455019625,373.2276558147545,902.6623920928664,1.6380675455019624,0,44.190190093660455,48,12,1,544.6293494704993,1353600,0.94,45,120,110680,211623,445478,11574,21417
2023-06-12,Jagatsinghpur,113.05365226585057,255.1853586311455,569.3321034676043,1.1305365226585058,0,55.834650253840934,45,15,1,681.0551558752998,1011040,0.89,38,110,60203,122391,247926,6277,11721
2023-06-12,Puri,112.8147250629799,272.5445591666057,624.7285103138587,1.128147250629799,0,41.417169136399046,50,10,1,488.071284851969,1426320,0.84,55,150,90260,182750,346205,9256,17379
2023-06-12,Ganjam,186.83472151030253,434.9689736286883,889.6863024621842,1.8683472151030254,0,32.95712291808811,35,25,0,430.05118206190593,2752620,0.78,120,250,235744,474024,924637,23331,46899
2023-06-12,Balasore,145.82753469728942,439.35882226620726,728.8341279094524,1.4582753469728942,0,48.38490774451642,44,16,1,609.5638465580662,2064800,0.89,75,180,157816,326724,612863,16461,30352
2023-06-12,Bhadrak,151.39669463187101,395.54496676736215,786.9631788234298,1.5139669463187102,0,34.928769399434096,46,14,1,601.1976047904192,1310220,0.87,42,130,98034,189666,399780,9652,20539
2023-06-12,Jajpur,159.90017446218175,413.99138314185296,798.2495243736516,1.5990017446218174,0,48.17766299200287,30,30,0,630.2173163159711,1680840,0.92,60,145,109171,224123,422484,10919,21612
2023-06-12,Cuttack,111.56808951463309,294.15295389592774,560.539868495455,1.1156808951463308,0,21.97591092505783,25,35,0,667.3448626653103,1889280,0.72,110,200,80583,160191,309621,8171,15658
2023-06-12,Khordha,148.28854058725207,407.2842070190497,730.77055938975,1.4828854058725207,0,54.90726136849952,15,45,0,800.2132954141485,1170520,0.52,140,220,56776,119171,217061,5788,11904
